<?xml version="1.0"?>
<doc>
    <assembly>
        <name>Jomura.SourceSafe.VSSEvents</name>
    </assembly>
    <members>
        <member name="T:Jomura.VisualStudio.SourceSafe.Interop.VSSEvents">
            <summary>
            [VSS AddIn] 各種イベントハンドラ
            
            参考URL： http://msdn.microsoft.com/ja-jp/library/hcdf9zk2(VS.80).aspx
            </summary>
        </member>
        <member name="M:Jomura.VisualStudio.SourceSafe.Interop.VSSEvents.BeforeCheckin(Microsoft.VisualStudio.SourceSafe.Interop.VSSItem,System.String,System.String)">
            <summary>
            チェックイン前のイベントハンドラ
            
            チェックインコメントが記入されていない場合は、
            チェックイン不可とし、
            ダイアログを表示してその旨を伝える。
            </summary>
            <param name="pIItem"></param>
            <param name="Local"></param>
            <param name="Comment"></param>
            <returns></returns>
        </member>
        <member name="M:Jomura.VisualStudio.SourceSafe.Interop.VSSEvents.BeforeCheckout(Microsoft.VisualStudio.SourceSafe.Interop.VSSItem,System.String,System.String)">
            <summary>
            チェックアウト前のイベントハンドラ
            
            ファイルがリポジトリ内で"共有"されている場合には、
            事前分岐の確認を促すダイアログを表示する。
            </summary>
            <param name="pIItem"></param>
            <param name="Local"></param>
            <param name="Comment"></param>
            <returns></returns>
        </member>
    </members>
</doc>
